Question,Expected/Reference Output
1. Marks above 80,Rahul 85 ; Priya 91
2. Highest marks,Priya 91
3. Average marks,78.8000
4. City-wise average,Delhi 76.5000 ; Bhopal 72 ; Indore 91 ; Lucknow 78
5. Cities average > 75,Delhi ; Indore ; Lucknow
6. Second highest,85
7. Top 2 per city,Delhi Rahul/Neha ; Bhopal Aman ; Indore Priya ; Lucknow Rohit
8. Rank by marks,Priya 1 ; Rahul 2 ; Rohit 3 ; Aman 4 ; Neha 5
9. Rank inside city,Ranking restarts for each city
10. Above overall average,Rahul ; Priya
11. Toppers view,Rahul ; Priya
12. Index on city,Index created
13. Procedure by ID,CALL getStudentById(2) -> Aman
14. Grade function,85 B ; 72 C ; 91 A ; 68 D ; 78 C
15. DELETE audit trigger,Audit record created
16. ROLLBACK,Changes cancelled
17. Above-average CTE,Rahul ; Priya
18. LAG,Previous marks shown
19. LEAD,Next marks shown
20. Running total,85 ; 157 ; 248 ; 316 ; 394
