patient_id,first_name,last_name,gender
P001,David,Williams,F
P002,Emily,Smith,F
P003,Laura,Jones,M
P004,Michael,Johnson,F
P005,David,Wilson,M
P006,Linda,Jones,M
P007,Alex,Johnson,F
P008,David,Davis,F
P009,Laura,Davis,M
P010,Michael,Taylor,M
P011,Emily,Jones,F
P012,Laura,Davis,F
P013,Laura,Johnson,F
P014,Alex,Taylor,M
P015,Sarah,Johnson,M
P016,Michael,Taylor,M
P017,Jane,Jones,M
P018,Laura,Wilson,M
P019,Sarah,Miller,M
P020,Jane,Moore,F
P021,Michael,Wilson,M
P022,John,Brown,M
P023,Linda,Johnson,M
P024,Sarah,Brown,F
P025,Robert,Wilson,M
P026,John,Taylor,M
P027,Linda,Moore,F
P028,Alex,Moore,M
P029,David,Smith,M
P030,Emily,Moore,M
P031,Robert,Miller,M
P032,Alex,Moore,M
P033,Michael,Wilson,F
P034,Alex,Smith,F
P035,David,Wilson,F
P036,Michael,Wilson,M
P037,Robert,Williams,M
P038,David,Smith,M
P039,Jane,Wilson,F
P040,Emily,Williams,M
P041,Robert,Williams,M
P042,Jane,Smith,F
P043,Linda,Brown,M
P044,Robert,Taylor,F
P045,Linda,Miller,F
P046,Michael,Taylor,F
P047,Jane,Moore,M
P048,Emily,Miller,M
P049,David,Moore,M
P050,Laura,Wilson,M
