appointment_id,patient_first_name,patient_last_name,doctor_first_name,doctor_last_name,appointment_date,status
A001,Alex,Smith,Sarah,Smith,2023-08-09,Scheduled
A002,Alex,Moore,David,Jones,2023-06-09,No-show
A003,Emily,Miller,David,Jones,2023-06-28,Cancelled
A004,Robert,Wilson,Alex,Davis,2023-09-01,Cancelled
A005,Emily,Williams,Jane,Smith,2023-07-06,No-show
A006,Linda,Miller,Alex,Davis,2023-06-19,Scheduled
A007,David,Williams,Robert,Davis,2023-04-09,Scheduled
A008,Michael,Taylor,Linda,Wilson,2023-05-24,Cancelled
A009,Jane,Wilson,Linda,Wilson,2023-03-05,Scheduled
A010,David,Wilson,Jane,Smith,2023-01-13,Completed
A011,John,Brown,Robert,Davis,2023-11-12,No-show
A012,David,Smith,Jane,Smith,2023-05-07,Completed
A013,Laura,Jones,Jane,Davis,2023-08-16,Scheduled
A014,Laura,Davis,Linda,Wilson,2023-05-25,Cancelled
A015,John,Taylor,David,Jones,2023-01-15,No-show
A016,Michael,Taylor,Linda,Brown,2023-06-30,Scheduled
A017,Robert,Williams,Sarah,Smith,2023-07-11,Scheduled
A018,John,Brown,Robert,Davis,2023-11-14,Cancelled
A019,David,Smith,David,Taylor,2023-02-06,Cancelled
A020,Alex,Taylor,Jane,Smith,2023-12-05,Completed
A021,Alex,Moore,Sarah,Smith,2023-04-24,No-show
A022,David,Wilson,David,Taylor,2023-11-14,No-show
A023,Jane,Moore,Sarah,Smith,2023-05-09,Cancelled
A024,David,Moore,Linda,Brown,2023-06-21,Completed
A025,Emily,Moore,David,Taylor,2023-02-25,No-show
A026,Michael,Taylor,Alex,Davis,2023-03-17,Cancelled
A027,David,Wilson,Sarah,Taylor,2023-11-14,Scheduled
A028,Laura,Davis,Alex,Davis,2023-10-29,No-show
A029,Michael,Taylor,Linda,Wilson,2023-06-25,Completed
A030,John,Taylor,Sarah,Taylor,2023-08-29,Completed
A031,John,Taylor,Alex,Davis,2023-04-04,Completed
A032,Emily,Miller,Sarah,Taylor,2023-11-06,Scheduled
A033,Michael,Wilson,Sarah,Taylor,2023-09-23,No-show
A034,Jane,Wilson,David,Jones,2023-06-13,No-show
A035,Michael,Wilson,Jane,Smith,2023-04-18,Scheduled
A036,Michael,Wilson,Jane,Smith,2023-01-08,No-show
A037,Emily,Moore,David,Jones,2023-03-28,Scheduled
A038,Robert,Williams,Sarah,Smith,2023-02-23,Scheduled
A039,Linda,Johnson,Jane,Davis,2023-04-17,Scheduled
A040,Michael,Taylor,Sarah,Smith,2023-03-27,Completed
A041,David,Wilson,David,Taylor,2023-01-01,No-show
A042,Michael,Wilson,David,Taylor,2023-03-21,Scheduled
A043,Alex,Smith,Sarah,Taylor,2023-03-29,No-show
A044,Robert,Miller,Alex,Davis,2023-09-20,Completed
A045,Michael,Taylor,Alex,Davis,2023-09-28,Scheduled
A046,Sarah,Miller,Jane,Smith,2023-12-20,Cancelled
A047,Alex,Moore,Robert,Davis,2023-05-02,Completed
A048,David,Williams,Sarah,Smith,2023-01-16,Cancelled
A049,David,Wilson,Linda,Wilson,2023-04-30,No-show
A050,Linda,Miller,Linda,Brown,2023-08-16,No-show
A051,Michael,Johnson,Alex,Davis,2023-02-04,Completed
A052,Michael,Taylor,Linda,Brown,2023-07-12,No-show
A053,Sarah,Brown,Sarah,Taylor,2023-02-12,Cancelled
A054,Michael,Taylor,Linda,Brown,2023-12-16,Scheduled
A055,Emily,Smith,Linda,Wilson,2023-10-06,Scheduled
A056,David,Moore,David,Jones,2023-01-02,Scheduled
A057,Alex,Moore,Linda,Wilson,2023-04-15,Completed
A058,Alex,Moore,Linda,Brown,2023-05-09,No-show
A059,Linda,Moore,Linda,Wilson,2023-03-09,Cancelled
A060,Jane,Moore,Jane,Davis,2023-11-22,No-show
A061,Sarah,Brown,Sarah,Taylor,2023-01-15,No-show
A062,Laura,Davis,Sarah,Smith,2023-06-14,No-show
A063,Laura,Wilson,David,Jones,2023-06-29,Scheduled
A064,David,Wilson,Alex,Davis,2023-05-31,Cancelled
A065,Michael,Wilson,David,Taylor,2023-04-24,Cancelled
A066,Michael,Wilson,Sarah,Smith,2023-05-10,No-show
A067,Linda,Brown,David,Taylor,2023-08-10,Scheduled
A068,Robert,Williams,Sarah,Taylor,2023-03-14,Scheduled
A069,Laura,Davis,David,Jones,2023-03-29,Cancelled
A070,Laura,Jones,Jane,Smith,2023-08-26,Scheduled
A071,David,Williams,Alex,Davis,2023-01-26,Scheduled
A072,Michael,Wilson,Jane,Davis,2023-06-12,Scheduled
A073,Emily,Williams,Jane,Smith,2023-12-24,Completed
A074,Michael,Taylor,Sarah,Taylor,2023-07-23,No-show
A075,Linda,Brown,Sarah,Smith,2023-05-08,Cancelled
A076,Robert,Taylor,Jane,Davis,2023-11-27,Cancelled
A077,David,Smith,Linda,Wilson,2023-12-14,Completed
A078,Laura,Johnson,Linda,Brown,2023-09-17,No-show
A079,Laura,Davis,Jane,Davis,2023-12-26,Cancelled
A080,Robert,Miller,Sarah,Taylor,2023-06-26,Scheduled
A081,Michael,Taylor,Robert,Davis,2023-01-06,Cancelled
A082,Emily,Smith,Linda,Brown,2023-01-20,Scheduled
A083,Laura,Wilson,David,Taylor,2023-11-07,Completed
A084,David,Wilson,Alex,Davis,2023-05-31,Scheduled
A085,Linda,Johnson,David,Taylor,2023-02-18,Cancelled
A086,Jane,Jones,Jane,Davis,2023-10-29,Cancelled
A087,John,Taylor,David,Taylor,2023-10-19,Cancelled
A088,David,Davis,Sarah,Taylor,2023-05-02,Completed
A089,David,Smith,Linda,Wilson,2023-02-14,Completed
A090,John,Taylor,Sarah,Smith,2023-06-01,No-show
A091,Michael,Taylor,Alex,Davis,2023-06-11,Cancelled
A092,John,Taylor,David,Taylor,2023-01-30,Scheduled
A093,Alex,Smith,David,Taylor,2023-04-09,Completed
A094,Robert,Williams,Jane,Davis,2023-04-08,Cancelled
A095,Alex,Johnson,Sarah,Smith,2023-05-09,Cancelled
A096,Michael,Johnson,Jane,Smith,2023-07-07,Completed
A097,Laura,Wilson,David,Taylor,2023-05-06,No-show
A098,Linda,Miller,Sarah,Taylor,2023-03-17,Completed
A099,Emily,Jones,Robert,Davis,2023-07-04,Completed
A100,David,Smith,Alex,Davis,2023-03-02,Scheduled
A101,Michael,Wilson,David,Taylor,2023-09-21,Scheduled
A102,Robert,Wilson,Sarah,Taylor,2023-10-25,No-show
A103,Michael,Wilson,Sarah,Taylor,2023-01-24,Cancelled
A104,Michael,Wilson,Alex,Davis,2023-04-18,Completed
A105,Michael,Taylor,Jane,Smith,2023-08-14,No-show
A106,Robert,Williams,Sarah,Taylor,2023-10-29,Scheduled
A107,Laura,Davis,Robert,Davis,2023-04-17,Completed
A108,Sarah,Brown,Sarah,Taylor,2023-04-21,Cancelled
A109,David,Wilson,Sarah,Taylor,2023-07-29,Scheduled
A110,David,Moore,Sarah,Taylor,2023-07-19,Scheduled
A111,David,Wilson,Linda,Wilson,2023-05-22,Scheduled
A112,Emily,Miller,Linda,Wilson,2023-01-11,No-show
A113,Michael,Wilson,Jane,Smith,2023-11-24,Cancelled
A114,Laura,Wilson,David,Taylor,2023-08-08,Completed
A115,David,Moore,Sarah,Taylor,2023-10-25,No-show
A116,Jane,Wilson,Sarah,Smith,2023-07-07,No-show
A117,Alex,Moore,David,Taylor,2023-06-20,No-show
A118,Sarah,Brown,Jane,Smith,2023-08-09,Scheduled
A119,Linda,Johnson,David,Jones,2023-12-18,Cancelled
A120,Alex,Moore,David,Taylor,2023-12-08,No-show
A121,Robert,Williams,David,Taylor,2023-04-07,Completed
A122,Laura,Davis,Linda,Brown,2023-07-11,Cancelled
A123,David,Moore,Jane,Davis,2023-02-28,Completed
A124,Laura,Johnson,Linda,Brown,2023-03-16,Cancelled
A125,Linda,Johnson,Robert,Davis,2023-02-18,Completed
A126,Robert,Wilson,Linda,Wilson,2023-11-02,Scheduled
A127,David,Wilson,Linda,Wilson,2023-11-13,No-show
A128,Robert,Williams,Jane,Davis,2023-04-15,Completed
A129,Emily,Moore,Alex,Davis,2023-08-25,Cancelled
A130,Jane,Jones,Alex,Davis,2023-02-23,No-show
A131,David,Moore,Jane,Smith,2023-05-11,No-show
A132,Jane,Moore,Jane,Davis,2023-07-26,Cancelled
A133,Emily,Miller,David,Taylor,2023-03-23,Completed
A134,Robert,Wilson,Alex,Davis,2023-10-17,Scheduled
A135,John,Brown,Sarah,Taylor,2023-09-09,Scheduled
A136,Laura,Johnson,Sarah,Smith,2023-05-13,Completed
A137,Sarah,Miller,David,Taylor,2023-10-25,No-show
A138,David,Moore,Robert,Davis,2023-12-26,No-show
A139,Michael,Wilson,Sarah,Taylor,2023-10-10,No-show
A140,Laura,Davis,Sarah,Taylor,2023-02-05,No-show
A141,Robert,Williams,Jane,Davis,2023-06-15,Completed
A142,Sarah,Miller,Jane,Smith,2023-11-01,No-show
A143,Laura,Davis,Robert,Davis,2023-09-21,Cancelled
A144,Laura,Davis,Alex,Davis,2023-08-16,No-show
A145,Alex,Johnson,Jane,Davis,2023-11-11,Scheduled
A146,Alex,Moore,Alex,Davis,2023-01-05,No-show
A147,Alex,Taylor,Jane,Davis,2023-11-13,Completed
A148,Robert,Miller,Jane,Davis,2023-12-06,Scheduled
A149,Sarah,Miller,Jane,Davis,2023-07-26,Completed
A150,Jane,Moore,Jane,Smith,2023-08-16,Completed
A151,Michael,Taylor,Jane,Davis,2023-01-28,Scheduled
A152,David,Wilson,David,Jones,2023-04-14,Completed
A153,David,Wilson,Sarah,Smith,2023-07-08,Completed
A154,Laura,Davis,Alex,Davis,2023-03-06,No-show
A155,Robert,Wilson,David,Taylor,2023-01-03,Cancelled
A156,Michael,Wilson,Linda,Brown,2023-11-22,Completed
A157,Michael,Wilson,Robert,Davis,2023-05-12,Completed
A158,Linda,Johnson,Linda,Wilson,2023-07-12,Completed
A159,Michael,Taylor,Jane,Smith,2023-04-08,No-show
A160,Jane,Wilson,David,Taylor,2023-12-17,Cancelled
A161,Linda,Miller,Sarah,Taylor,2023-06-17,Scheduled
A162,Jane,Smith,David,Jones,2023-01-01,No-show
A163,Jane,Wilson,Linda,Wilson,2023-06-27,No-show
A164,Alex,Taylor,Linda,Brown,2023-07-28,Cancelled
A165,Robert,Miller,David,Taylor,2023-04-04,Cancelled
A166,David,Wilson,Linda,Wilson,2023-01-12,No-show
A167,David,Wilson,David,Taylor,2023-11-15,Scheduled
A168,Linda,Johnson,David,Jones,2023-09-29,No-show
A169,David,Smith,Linda,Brown,2023-07-24,Cancelled
A170,Linda,Brown,Sarah,Taylor,2023-03-03,Scheduled
A171,Emily,Jones,Jane,Davis,2023-04-18,Cancelled
A172,Laura,Wilson,Alex,Davis,2023-03-09,Scheduled
A173,Jane,Moore,Sarah,Taylor,2023-06-04,Completed
A174,Laura,Davis,Jane,Davis,2023-10-31,Cancelled
A175,Laura,Davis,Jane,Smith,2023-10-22,Cancelled
A176,Michael,Taylor,Sarah,Smith,2023-04-26,No-show
A177,Robert,Taylor,Robert,Davis,2023-08-16,Cancelled
A178,Jane,Jones,Robert,Davis,2023-01-17,Cancelled
A179,David,Smith,Alex,Davis,2023-03-08,Completed
A180,Alex,Johnson,Linda,Brown,2023-01-07,Cancelled
A181,Michael,Taylor,David,Jones,2023-09-03,Completed
A182,Laura,Johnson,Linda,Brown,2023-04-12,Completed
A183,Emily,Williams,David,Jones,2023-02-03,Completed
A184,Jane,Smith,Linda,Brown,2023-02-26,Completed
A185,Laura,Davis,Sarah,Smith,2023-03-21,Scheduled
A186,Laura,Wilson,Jane,Smith,2023-03-27,No-show
A187,Linda,Moore,Jane,Smith,2023-02-13,Scheduled
A188,Emily,Smith,Jane,Davis,2023-04-12,Cancelled
A189,David,Wilson,Linda,Wilson,2023-10-05,Scheduled
A190,David,Smith,Jane,Smith,2023-11-16,Scheduled
A191,Robert,Williams,Jane,Smith,2023-04-12,Cancelled
A192,David,Smith,Sarah,Taylor,2023-08-31,Cancelled
A193,Sarah,Miller,Sarah,Taylor,2023-09-15,Cancelled
A194,David,Davis,Jane,Davis,2023-04-06,Scheduled
A195,Emily,Miller,Linda,Wilson,2023-08-19,Scheduled
A196,Linda,Miller,Alex,Davis,2023-10-26,Cancelled
A197,David,Williams,Sarah,Taylor,2023-04-01,No-show
A198,John,Brown,Alex,Davis,2023-05-15,No-show
A199,Jane,Jones,David,Taylor,2023-05-01,Completed
A200,Alex,Johnson,Sarah,Taylor,2023-12-30,Cancelled
